,Sentiment
548,Bullish
411,Bearish
422,Bearish
261,Bearish
987,Neutral
602,Bearish
339,Bullish
621,Bullish
506,Bullish
967,Bullish
137,Bullish
731,Bullish
762,Bearish
991,Neutral
413,Bearish
801,Neutral
706,Neutral
29,Bearish
371,Bearish
165,Bullish
248,Bullish
307,Bullish
346,Bearish
334,Bearish
1111,Bearish
1090,Bearish
435,Bullish
1057,Bullish
963,Neutral
844,Bearish
1032,Bearish
597,Bearish
1043,Bullish
802,Neutral
65,Bullish
554,Bearish
523,Bullish
1047,Bullish
948,Bullish
254,Bullish
885,Bullish
312,Bullish
1027,Bearish
221,Bearish
388,Bearish
235,Bullish
750,Neutral
793,Neutral
305,Bullish
1073,Bullish
424,Bearish
716,Bullish
1100,Neutral
249,Bearish
704,Neutral
549,Bullish
71,Bullish
94,Bullish
566,Bullish
33,Bullish
1049,Bullish
533,Bullish
259,Bullish
204,Bullish
528,Bullish
920,Bullish
1036,Bullish
365,Bearish
77,Bearish
84,Bearish
839,Bearish
82,Bullish
1099,Bearish
755,Neutral
746,Neutral
976,Neutral
514,Bullish
1053,Bullish
893,Bullish
350,Bullish
464,Bullish
5,Bullish
310,Bullish
404,Bearish
981,Neutral
1125,Bearish
104,Bearish
97,Bullish
478,Neutral
481,Bearish
846,Bullish
314,Bullish
596,Bearish
560,Bearish
62,Bullish
281,Bearish
689,Neutral
266,Bullish
615,Bearish
238,Bullish
605,Bullish
145,Bullish
1080,Bearish
1011,Bearish
1129,Bearish
118,Bullish
743,Bullish
1050,Bullish
250,Bullish
1117,Bearish
285,Bearish
311,Bearish
9,Neutral
449,Bullish
532,Bearish
302,Bullish
196,Bullish
998,Bullish
370,Bearish
81,Bearish
389,Bearish
1065,Bullish
649,Bearish
824,Neutral
617,Bearish
717,Bullish
239,Bullish
713,Bullish
460,Bearish
211,Bullish
660,Neutral
952,Neutral
144,Bullish
708,Neutral
1022,Bearish
631,Bullish
227,Bearish
1070,Neutral
774,Neutral
545,Bearish
27,Neutral
177,Bearish
1119,Bearish
589,Neutral
135,Bullish
1105,Bearish
163,Bullish
538,Bullish
1154,Neutral
7,Bearish
513,Bullish
155,Bullish
927,Bearish
858,Neutral
357,Bearish
542,Bearish
711,Bullish
223,Neutral
329,Bullish
654,Bullish
458,Bullish
682,Neutral
768,Neutral
594,Bearish
258,Bullish
823,Neutral
874,Bullish
657,Bullish
767,Neutral
753,Neutral
614,Bearish
700,Bullish
1102,Bearish
440,Bullish
886,Bullish
228,Bullish
968,Neutral
212,Neutral
79,Bearish
148,Bullish
833,Bullish
665,Bullish
133,Bullish
1058,Bullish
408,Bearish
722,Bullish
507,Bullish
809,Neutral
504,Bearish
894,Bullish
347,Bearish
996,Bearish
0,Bullish
360,Bearish
1023,Bearish
475,Bearish
721,Bullish
990,Bullish
172,Bullish
450,Bearish
125,Bullish
1077,Bullish
530,Bullish
90,Bearish
1122,Bearish
181,Bullish
667,Bullish
924,Neutral
251,Bearish
69,Neutral
131,Bullish
300,Bearish
622,Bullish
326,Bearish
940,Bullish
499,Bullish
618,Bearish
850,Bearish
495,Bearish
338,Bullish
890,Bullish
164,Bullish
28,Bullish
516,Bullish
193,Bullish
723,Bullish
169,Bullish
945,Neutral
173,Bullish
518,Bullish
888,Bullish
910,Bullish
491,Bearish
73,Bearish
1128,Bearish
234,Bullish
214,Bullish
875,Bullish
132,Bullish
679,Bullish
869,Bearish
185,Neutral
41,Bullish
108,Bearish
783,Neutral
568,Bearish
1132,Bearish
925,Bullish
1115,Bearish
483,Bullish
468,Bullish
24,Neutral
613,Bullish
630,Bullish
761,Neutral
919,Bullish
366,Bearish
1116,Bearish
1001,Bearish
383,Bullish
454,Bullish
264,Neutral
879,Bullish
905,Neutral
444,Bearish
395,Bearish
859,Neutral
176,Bearish
18,Bullish
973,Bearish
754,Neutral
595,Bearish
61,Bullish
272,Bullish
1087,Bullish
278,Bullish
777,Neutral
368,Bearish
935,Bullish
759,Neutral
718,Bullish
547,Bullish
812,Neutral
832,Bullish
456,Bullish
393,Bearish
843,Bullish
1045,Bullish
375,Bearish
412,Bearish
74,Bearish
1083,Bullish
1029,Bearish
500,Bearish
741,Neutral
616,Bearish
114,Bearish
417,Bearish
601,Neutral
604,Bearish
89,Bearish
1109,Bearish
498,Bearish
808,Neutral
961,Bearish
813,Neutral
11,Bearish
396,Bearish
811,Neutral
555,Bearish
42,Bullish
167,Bullish
416,Bearish
576,Bullish
1000,Bearish
1037,Bullish
426,Bearish
544,Bearish
1084,Bullish
1014,Bearish
1136,Bearish
907,Bullish
816,Neutral
257,Bullish
335,Bearish
15,Bullish
834,Bullish
324,Bullish
1009,Bearish
1002,Bearish
732,Bullish
222,Bearish
179,Bullish
99,Bullish
521,Bullish
22,Bullish
356,Bullish
887,Bullish
1074,Bullish
611,Bullish
943,Neutral
340,Bullish
431,Bearish
764,Bearish
217,Bullish
203,Bullish
838,Neutral
93,Bullish
739,Bullish
68,Neutral
827,Bullish
284,Bearish
696,Neutral
85,Bullish
434,Bearish
738,Bullish
153,Bullish
75,Neutral
971,Bearish
580,Bullish
446,Bearish
703,Neutral
188,Bearish
271,Bullish
236,Bullish
487,Bullish
1120,Bearish
559,Bearish
117,Bearish
979,Bearish
1040,Bullish
512,Bullish
633,Bullish
728,Bullish
933,Bearish
786,Bearish
126,Bullish
116,Bullish
473,Bearish
918,Bullish
57,Neutral
603,Bearish
913,Bearish
656,Neutral
970,Bearish
853,Neutral
105,Bearish
635,Bearish
369,Bearish
268,Bullish
655,Bullish
46,Bullish
349,Bullish
195,Bullish
102,Bullish
4,Bullish
619,Bearish
916,Neutral
977,Neutral
263,Bullish
994,Bullish
443,Bearish
1114,Bearish
781,Neutral
1006,Bearish
304,Bullish
341,Bullish
799,Neutral
313,Bullish
149,Bullish
124,Bullish
1054,Bullish
574,Bullish
697,Neutral
664,Bullish
50,Bullish
726,Bullish
353,Bullish
1113,Bearish
142,Bullish
470,Bullish
653,Bullish
399,Bearish
830,Bullish
320,Bullish
19,Bullish
684,Bullish
35,Neutral
505,Bullish
1035,Bullish
407,Bullish
537,Neutral
758,Neutral
1033,Bullish
825,Neutral
38,Bullish
175,Bearish
245,Bullish
1048,Bullish
889,Bullish
784,Bearish
997,Bullish
489,Bullish
154,Bullish
638,Bullish
662,Bullish
287,Bearish
625,Bullish
1088,Bullish
685,Bullish
1145,Bearish
569,Bearish
985,Neutral
734,Bullish
792,Neutral
17,Bullish
127,Bullish
322,Bearish
255,Bullish
872,Bullish
1139,Bearish
190,Bullish
115,Bullish
1133,Bearish
876,Bullish
606,Bullish
180,Bullish
301,Bullish
1003,Bearish
947,Bullish
962,Neutral
908,Neutral
744,Neutral
882,Bullish
517,Bullish
372,Bearish
45,Bullish
476,Bullish
157,Bullish
986,Neutral
171,Bullish
16,Bullish
511,Bullish
48,Bullish
191,Bullish
546,Bullish
515,Bullish
903,Neutral
867,Bullish
828,Bullish
909,Bullish
480,Bullish
283,Bearish
953,Bullish
797,Neutral
868,Bearish
225,Neutral
26,Bullish
282,Bearish
1110,Bearish
437,Bearish
1127,Bearish
364,Bearish
229,Bullish
37,Bearish
669,Bullish
749,Neutral
1140,Bearish
374,Bearish
469,Bullish
1141,Bearish
687,Bullish
32,Bearish
932,Bearish
965,Neutral
194,Bullish
1068,Bullish
1089,Bearish
503,Bearish
902,Bullish
1142,Bearish
1069,Bullish
800,Neutral
579,Bullish
160,Bullish
680,Neutral
1092,Bearish
162,Bullish
821,Neutral
705,Bullish
930,Bullish
877,Bullish
1158,Bearish
152,Bullish
904,Neutral
926,Bullish
999,Bearish
111,Bearish
226,Bearish
911,Bullish
851,Bullish
103,Bullish
421,Bearish
419,Bearish
993,Bullish
586,Bullish
1026,Bearish
672,Neutral
119,Bullish
53,Bullish
151,Bullish
403,Bearish
1148,Bearish
207,Bullish
1096,Bearish
658,Neutral
1060,Bullish
1007,Bearish
8,Bullish
159,Bullish
36,Neutral
452,Bullish
651,Bearish
253,Bullish
303,Bullish
896,Neutral
988,Bullish
880,Neutral
571,Bullish
623,Bullish
941,Bearish
954,Neutral
944,Bullish
262,Bullish
610,Bullish
297,Bullish
414,Bearish
150,Bullish
472,Bullish
778,Neutral
640,Bearish
1149,Neutral
1091,Neutral
550,Bullish
639,Neutral
928,Bearish
488,Bullish
819,Neutral
710,Bullish
1155,Bearish
147,Bullish
146,Bullish
956,Neutral
345,Bearish
980,Neutral
931,Bullish
1086,Bullish
659,Bearish
770,Bullish
348,Bearish
463,Bullish
325,Bullish
186,Bearish
123,Bullish
1067,Bullish
608,Bullish
143,Bullish
751,Neutral
1134,Bearish
906,Neutral
197,Bullish
609,Neutral
883,Bullish
836,Bullish
279,Bullish
293,Bearish
1052,Bullish
400,Bearish
122,Bullish
183,Bullish
202,Bullish
438,Bearish
835,Bullish
246,Bullish
415,Bullish
1024,Bearish
1010,Bearish
1101,Bearish
1015,Bearish
52,Bullish
129,Bearish
637,Bullish
402,Bearish
384,Bullish
1018,Bearish
735,Bullish
854,Neutral
1107,Neutral
219,Neutral
641,Bearish
1,Bearish
1098,Bearish
698,Neutral
80,Bearish
951,Neutral
624,Bullish
1135,Bearish
1005,Bearish
386,Bearish
1144,Bearish
806,Bearish
509,Bullish
267,Bullish
1042,Bullish
441,Bearish
496,Bearish
829,Bullish
112,Bearish
691,Neutral
232,Bullish
471,Bullish
607,Bullish
671,Bullish
373,Bearish
826,Neutral
974,Bearish
663,Bullish
1059,Bullish
233,Bullish
818,Neutral
224,Bullish
676,Bullish
317,Bullish
648,Bearish
410,Bearish
1156,Bearish
709,Bearish
972,Bearish
627,Bullish
632,Bullish
1131,Bearish
795,Neutral
645,Bullish
1012,Bearish
556,Bullish
681,Bullish
577,Bullish
524,Bullish
540,Bearish
748,Neutral
1072,Neutral
484,Bullish
95,Bullish
1020,Bearish
563,Bullish
742,Bullish
863,Neutral
891,Bullish
1038,Bullish
206,Bullish
392,Bearish
794,Neutral
870,Bearish
397,Bullish
766,Bearish
1063,Neutral
1028,Bearish
642,Bearish
612,Bearish
960,Bearish
725,Bullish
683,Bearish
98,Bullish
804,Neutral
406,Bullish
502,Bearish
1056,Bullish
929,Bearish
779,Neutral
200,Bullish
134,Bullish
1051,Bullish
40,Bullish
1017,Bearish
230,Bullish
378,Bearish
288,Bearish
418,Bullish
391,Bearish
592,Bearish
647,Bullish
520,Bullish
64,Bullish
14,Bearish
1064,Bullish
492,Bearish
379,Bullish
187,Neutral
763,Neutral
216,Neutral
791,Neutral
1076,Bullish
878,Bullish
337,Bullish
719,Bullish
295,Bullish
1016,Bearish
455,Bearish
815,Neutral
269,Bullish
995,Bearish
201,Bullish
161,Bullish
729,Bullish
401,Bearish
702,Neutral
565,Bullish
1021,Bearish
1025,Bearish
1104,Bearish
205,Bullish
34,Neutral
775,Neutral
508,Bullish
1143,Bearish
91,Bearish
897,Neutral
564,Bullish
776,Neutral
241,Bearish
13,Bearish
315,Bullish
600,Neutral
387,Bullish
166,Bullish
840,Neutral
20,Bullish
646,Bullish
831,Bullish
562,Bullish
1157,Bearish
686,Bullish
957,Bullish
189,Bullish
975,Neutral
699,Neutral
510,Bullish
1082,Neutral
474,Bearish
856,Neutral
747,Neutral
252,Bullish
21,Bullish
459,Bullish
276,Bearish
955,Neutral
385,Bullish
805,Neutral
343,Bullish
769,Bearish
130,Bullish
871,Bullish
1123,Bearish
87,Bearish
330,Bearish
466,Bullish
121,Bullish
1044,Bullish
1095,Neutral
1130,Bearish
860,Neutral
1126,Bearish
